{
  "user_fields": 
  { 
    "mailshot_customer_type": 
    {
      "key": "mailshot_customer_type",
      "active" : "true",
      "type": "dropdown",
      "title": "MAILSHOT - Customer Type",
      "custom_field_options": [{"value":"mailshot_use_default_values", "name":"Exclude form Mailchimp"}, {"value":"mailshot_use_default_values", "name":"Sync to mailchimp as SME customer"}, {"value":"mailshot_use_organisation_values", "name":"Sync to mailchimp as part of large organisation"} ]
    }
  }
}