{
  "user_fields": 
  { 
    "mailshot_customer_type": 
    {
      "key": "mailshot_customer_type",
      "active" : "true",
      "type": "dropdown",
      "title": "Mailchimp Customer Type",
      "custom_field_options": [{"value":"mailshot_exclude_from_mailshot", "name":"Exclude form Mailchimp"}, {"value":"mailshot_use_default_values", "name":"Sync to mailchimp as single customer"}, {"value":"mailshot_use_organisation_values", "name":"Sync for corporate branded emails"} ]
    }
  },
  "organization_fields": {
    "mailshot_customer_display_name": {
      "key": "mailshot_customer_display_name",
      "active" : "true",
      "type": "text",
      "title": "Mailchimp Customer Display Name"
    }
  }
}
