<?xml version="1.0" encoding="UTF-8"?>
<project-private xmlns="http://www.netbeans.org/ns/project-private/1">
    <editor-bookmarks xmlns="http://www.netbeans.org/ns/editor-bookmarks/2" lastBookmarkId="0"/>
    <open-files xmlns="http://www.netbeans.org/ns/projectui-open-files/2">
        <group>
            <file>file:/Users/john/upnrunning/drive/otherdev/mailchimp-mailshot-sync/templates/main.hdbs</file>
            <file>file:/Users/john/upnrunning/drive/otherdev/mailchimp-mailshot-sync/assets/iframe.html</file>
            <file>file:/Users/john/upnrunning/drive/otherdev/mailchimp-mailshot-sync/tmp/zat/scaffold/manifest.json</file>
            <file>file:/Users/john/upnrunning/drive/otherdev/mailchimp-mailshot-sync/manifest.json</file>
            <file>file:/Users/john/upnrunning/drive/otherdev/mailchimp-mailshot-sync/app.js</file>
            <file>file:/Users/john/upnrunning/drive/otherdev/mailchimp-mailshot-sync/requirements.json</file>
        </group>
    </open-files>
</project-private>
