<?xml version="1.0" encoding="UTF-8"?>
<project-private xmlns="http://www.netbeans.org/ns/project-private/1">
    <editor-bookmarks xmlns="http://www.netbeans.org/ns/editor-bookmarks/2" lastBookmarkId="0"/>
    <open-files xmlns="http://www.netbeans.org/ns/projectui-open-files/2">
        <group>
            <file>file:/Users/john/upnrunning/drive/otherdev/mailchimp-mailshot-sync/assets/js/plugin.js</file>
            <file>file:/Users/john/upnrunning/drive/otherdev/mailchimp-mailshot-sync/assets/js/main.js</file>
            <file>file:/Users/john/upnrunning/drive/otherdev/mailchimp-mailshot-sync/assets/iframe.html</file>
            <file>file:/Users/john/upnrunning/drive/otherdev/mailchimp-mailshot-sync/assets/modal-popup.html</file>
            <file>file:/Users/john/upnrunning/drive/otherdev/mailchimp-mailshot-sync/assets/js/common-utils.js</file>
            <file>file:/Users/john/upnrunning/drive/otherdev/mailchimp-mailshot-sync/assets/templates/sync-modal.hdbs</file>
        </group>
    </open-files>
</project-private>
