<?xml version="1.0" encoding="UTF-8"?>
<project-private xmlns="http://www.netbeans.org/ns/project-private/1">
    <editor-bookmarks xmlns="http://www.netbeans.org/ns/editor-bookmarks/2" lastBookmarkId="0"/>
    <open-files xmlns="http://www.netbeans.org/ns/projectui-open-files/2">
        <group>
            <file>file:/Users/johnmilner/github/mailchimp-mailshot-sync/app.css</file>
            <file>file:/Users/johnmilner/github/mailchimp-mailshot-sync/templates/main.hdbs</file>
            <file>file:/Users/johnmilner/github/mailchimp-mailshot-sync/app.js</file>
            <file>file:/Users/johnmilner/github/mailchimp-mailshot-sync/templates/show_error.hdbs</file>
            <file>file:/Users/johnmilner/github/mailchimp-mailshot-sync/lib/ZendeskObjects.js</file>
        </group>
    </open-files>
</project-private>
